{
  "pipeline_status": "completed",
  "output_geotiff": "data/processed/soil_properties.tif",
  "predictions_csv": "outputs/predictions.csv",
  "metrics_json": "outputs/metrics.json",
  "results_png": "assets/results.png",
  "soil_indices": [
    "SOM",
    "Clay",
    "pH"
  ],
  "model_performance": {
    "SOM": -0.0015548368246625088,
    "Clay": 0.9942461813954988,
    "pH": 0.14644087992678112
  },
  "benchmarks": {
    "data_generation": 0.0951378345489502,
    "data_cleaning": 0.1571331024169922,
    "feature_engineering": 11.51334285736084,
    "modeling": 64.87684535980225,
    "export": 0.043386220932006836,
    "total_pipeline": 78.4499580860138
  },
  "data_dimensions": {
    "height": 500,
    "width": 500,
    "total_pixels": 250000
  }
}